power on,0000 006d 0000 0022 00ac 00ac 0016 0040 0016 0040 0016 0040 0016 0015 0016 0015 0016 0015 0016 0015 0016 0015 0016 0040 0016 0040 0016 0040 0016 0015 0016 0015 0016 0015 0016 0015 0016 0015 0016 0040 0016 0015 0016 0015 0016 0040 0016 0040 0016 0015 0016 0015 0016 0040 0016 0015 0016 0040 0016 0040 0016 0015 0016 0015 0016 0040 0016 0040 0016 0015 0016 071c
power off,0000 006d 0022 0000 00ad 00ad 0015 0041 0015 0041 0015 0041 0015 0015 0015 0015 0015 0015 0015 0015 0015 0015 0015 0041 0015 0041 0015 0041 0015 0015 0015 0015 0015 0015 0015 0015 0015 0015 0015 0015 0015 0015 0015 0015 0015 0041 0015 0041 0015 0015 0015 0015 0015 0041 0015 0041 0015 0041 0015 0041 0015 0015 0015 0015 0015 0041 0015 0041 0015 0015 0015 0728
power toggle,0000 006d 0000 0022 00aa 00aa 0014 003f 0014 003f 0014 003f 0014 0014 0014 0014 0014 0014 0014 0014 0014 0014 0014 003f 0014 003f 0014 003f 0014 0014 0014 0014 0014 0014 0014 0014 0014 0014 0014 0014 0014 003f 0014 0014 0014 0014 0014 0014 0014 0014 0014 0014 0014 0014 0014 003f 0014 0014 0014 003f 0014 003f 0014 003f 0014 003f 0014 003f 0014 003f 0014 0706

enter,0000 006d 0000 0022 00ac 00ac 0016 0040 0016 0040 0016 0040 0016 0015 0016 0015 0016 0015 0016 0015 0016 0015 0016 0040 0016 0040 0016 0040 0016 0015 0016 0015 0016 0015 0016 0015 0016 0015 0016 0015 0016 0015 0016 0015 0016 0040 0016 0015 0016 0040 0016 0040 0016 0015 0016 0040 0016 0040 0016 0040 0016 0015 0016 0040 0016 0015 0016 0015 0016 0040 0016 071c
return,0000 006d 0000 0022 00aa 00aa 0014 003f 0014 003f 0014 003f 0014 0014 0014 0014 0014 0014 0014 0014 0014 0014 0014 003f 0014 003f 0014 003f 0014 0014 0014 0014 0014 0014 0014 0014 0014 0014 0014 0014 0014 0014 0014 0014 0014 003f 0014 003f 0014 0014 0014 003f 0014 0014 0014 003f 0014 003f 0014 003f 0014 0014 0014 0014 0014 003f 0014 0014 0014 003f 0014 070a
exit,0000 006d 0000 0022 00ac 00ac 0016 0040 0016 0040 0016 0040 0016 0015 0016 0015 0016 0015 0016 0015 0016 0015 0016 0040 0016 0040 0016 0040 0016 0015 0016 0015 0016 0015 0016 0015 0016 0015 0016 0040 0016 0015 0016 0040 0016 0040 0016 0015 0016 0040 0016 0015 0016 0015 0016 0015 0016 0040 0016 0015 0016 0015 0016 0040 0016 0015 0016 0040 0016 0040 0016 071c
exit app,0000 006c 0000 0022 00ad 00ad 0016 0041 0016 0041 0016 0041 0016 0016 0016 0016 0016 0016 0016 0016 0016 0016 0016 0041 0016 0041 0016 0041 0016 0016 0016 0016 0016 0016 0016 0016 0016 0016 0016 0016 0016 0041 0016 0041 0016 0016 0016 0041 0016 0041 0016 0041 0016 0016 0016 0041 0016 0016 0016 0016 0016 0041 0016 0016 0016 0016 0016 0016 0016 0041 0016 06fb

play,0000 006d 0000 0022 00a9 00aa 0015 0040 0015 0040 0015 0040 0015 0015 0015 0015 0015 0015 0016 0015 0015 0015 0015 0040 0015 0040 0015 0040 0015 0015 0015 0016 0015 0015 0015 0015 0015 0015 0016 003f 0016 003f 0015 0040 0015 0016 0015 0015 0015 0015 0015 0040 0015 0015 0016 0015 0015 0015 0015 0015 0015 0040 0015 0040 0015 0040 0015 0015 0016 003f 0016 06dd
pause,0000 006d 0000 0022 00ab 00ab 0015 0041 0015 0041 0015 0041 0015 0015 0015 0015 0015 0015 0015 0015 0015 0015 0015 0041 0015 0041 0015 0041 0015 0015 0015 0015 0015 0015 0015 0015 0015 0015 0015 0015 0015 0041 0015 0015 0015 0041 0015 0015 0015 0015 0015 0041 0015 0015 0015 0041 0015 0015 0015 0041 0015 0015 0015 0041 0015 0041 0015 0015 0015 0041 0015 0700
stop,0000 006d 0000 0022 00aa 00ab 0015 0041 0015 0041 0015 0040 0015 0015 0015 0015 0016 0016 0015 0015 0015 0016 0016 0040 0015 0041 0015 0040 0015 0016 0015 0015 0015 0016 0015 0016 0016 0015 0015 0015 0015 0041 0015 0041 0015 0015 0015 0016 0015 0015 0015 0041 0015 0015 0015 0040 0015 0016 0015 0016 0015 0041 0015 0041 0015 0040 0016 0015 0015 0040 0015 06e5
record,0000 006d 0000 0022 00ab 00ab 0015 0041 0015 0041 0015 0041 0015 0015 0015 0015 0015 0015 0015 0015 0015 0015 0015 0041 0015 0041 0015 0041 0015 0015 0015 0015 0015 0015 0015 0015 0015 0015 0015 0041 0015 0015 0015 0015 0015 0041 0015 0015 0015 0015 0015 0041 0015 0015 0015 0015 0015 0041 0015 0041 0015 0015 0015 0041 0015 0041 0015 0015 0015 0041 0015 0700
next,0000 006d 0000 0022 0015 0041 0015 0016 0015 0041 0015 0700 00ab 00ab 0015 0041 0015 0041 0015 0041 0015 0015 0015 0015 0015 0015 0015 0015 0015 0015 0015 0041 0015 0041 0015 0041 0015 0015 0015 0015 0015 0015 0015 0015 0015 0015 0015 0015 0015 0041 0015 0041 0015 0041 0015 0015 0015 0015 0015 0041 0015 0015 0015 0041 0015 0015 0015 0015 0015 0015 0015 0040
previous,0000 006d 0000 0022 00ab 00ab 0015 0041 0015 0041 0015 0041 0015 0015 0015 0015 0015 0015 0015 0015 0015 0015 0015 0041 0015 0041 0015 0041 0015 0015 0015 0015 0015 0015 0015 0015 0015 0015 0015 0041 0015 0015 0015 0041 0015 0015 0015 0015 0015 0015 0015 0041 0015 0015 0015 0015 0015 0041 0015 0015 0015 0041 0015 0041 0015 0041 0015 0015 0015 0041 0015 0700
rewind,0000 006d 0000 0022 00ab 00ab 0014 0040 0014 0040 0014 0040 0014 0014 0014 0014 0014 0014 0014 0014 0014 0014 0014 0040 0014 0040 0014 0040 0014 0014 0014 0014 0014 0014 0014 0014 0014 0014 0014 0040 0014 0014 0014 0040 0014 0014 0014 0014 0014 0014 0014 0040 0014 0014 0014 0014 0014 0040 0014 0014 0014 0040 0014 0040 0014 0040 0014 0014 0014 0040 0014 06f3

channel down,0000 006c 0000 0022 00ad 00ad 0016 0041 0016 0041 0016 0041 0016 0016 0016 0016 0016 0016 0016 0016 0016 0016 0016 0041 0016 0041 0016 0041 0016 0016 0016 0016 0016 0016 0016 0016 0016 0016 0016 0016 0016 0016 0016 0016 0016 0016 0016 0041 0016 0016 0016 0016 0016 0016 0016 0041 0016 0041 0016 0041 0016 0041 0016 0016 0016 0041 0016 0041 0016 0041 0016 06fb
channel up,0000 006d 0000 0022 00ac 00ac 0016 0040 0016 0040 0016 0040 0016 0015 0016 0015 0016 0015 0016 0015 0016 0015 0016 0040 0016 0040 0016 0040 0016 0015 0016 0015 0016 0015 0016 0015 0016 0015 0016 0015 0016 0040 0016 0015 0016 0015 0016 0040 0016 0015 0016 0015 0016 0015 0016 0040 0016 0015 0016 0040 0016 0040 0016 0015 0016 0040 0016 0040 0016 0040 0016 071c
channel list,0000 006d 0000 0022 00ac 00ac 0013 0040 0013 0040 0013 0040 0013 0018 0013 0013 0013 0013 0013 0013 0013 0018 0013 0040 0013 0040 0013 0040 0013 0018 0013 0013 0013 0013 0013 0013 0013 0018 0013 0040 0013 0040 0013 0013 0013 0040 0013 0013 0013 0040 0013 0040 0013 0018 0013 0013 0013 0013 0013 0040 0013 0018 0013 0040 0013 0013 0013 0013 0013 0040 0013 0701
channel add delete,0000 006d 0000 0022 00ac 00ac 0015 0040 0015 0040 0015 0040 0015 0015 0015 0015 0015 0015 0015 0015 0015 0015 0015 0040 0015 0040 0015 0040 0015 0015 0015 0015 0015 0015 0015 0015 0015 0015 0015 0040 0015 0015 0015 0015 0015 0040 0015 0040 0015 0015 0015 0015 0015 0015 0015 0015 0015 0040 0015 0040 0015 0015 0015 0015 0015 0040 0015 0040 0015 0040 0015 0689
channel previous,0000 006d 0000 0022 00ac 00ac 0016 0040 0016 0040 0016 0040 0016 0015 0016 0015 0016 0015 0016 0015 0016 0015 0016 0040 0016 0040 0016 0040 0016 0015 0016 0015 0016 0015 0016 0015 0016 0015 0016 0040 0016 0040 0016 0015 0016 0015 0016 0040 0016 0015 0016 0015 0016 0015 0016 0015 0016 0015 0016 0040 0016 0040 0016 0015 0016 0040 0016 0040 0016 0040 0016 071c
auto program,0000 006c 0000 0022 00ad 00ad 0016 0041 0016 0041 0016 0041 0016 0016 0016 0016 0016 0016 0016 0016 0016 0016 0016 0041 0016 0041 0016 0041 0016 0016 0016 0016 0016 0016 0016 0016 0016 0016 0016 0016 0016 0041 0016 0016 0016 0041 0016 0041 0016 0041 0016 0016 0016 0016 0016 0041 0016 0016 0016 0041 0016 0016 0016 0016 0016 0016 0016 0041 0016 0041 0016 06fb

smart hub,0000 006d 0000 0022 00ab 00ab 0015 0041 0015 0041 0015 0041 0015 0015 0015 0015 0015 0015 0015 0015 0015 0015 0015 0041 0015 0041 0015 0041 0015 0015 0015 0015 0015 0015 0015 0015 0015 0015 0015 0041 0015 0015 0015 0015 0015 0041 0015 0041 0015 0041 0015 0041 0015 0015 0015 0015 0015 0041 0015 0041 0015 0015 0015 0015 0015 0015 0015 0015 0015 0041 0015 0700
tools,0000 006d 0000 0022 00aa 00aa 0014 003f 0014 003f 0014 003f 0014 0014 0014 0014 0014 0014 0014 0014 0014 0014 0014 003f 0014 003f 0014 003f 0014 0014 0014 0014 0014 0014 0014 0014 0014 0014 0014 003f 0014 003f 0014 0014 0014 003f 0014 0014 0014 0014 0014 003f 0014 0014 0014 0014 0014 0014 0014 003f 0014 0014 0014 003f 0014 003f 0014 0014 0014 003f 0014 0706
guide,0000 006d 0000 0022 00aa 00ab 0015 0040 0015 0040 0015 0040 0015 0015 0015 0016 0015 0016 0015 0016 0015 0016 0015 0040 0015 0040 0015 0041 0015 0016 0015 0016 0015 0016 0015 0016 0015 0016 0015 0040 0015 0040 0015 0040 0015 0040 0015 0016 0015 0016 0015 0040 0015 0016 0015 0016 0015 0016 0015 0016 0015 0016 0015 0040 0015 0040 0015 0016 0015 0040 0015 06e7
internet,0000 006d 0000 0022 00ac 00ac 0017 003e 0017 003e 0017 003e 0017 0013 0017 0013 0017 0013 0017 0013 0017 0013 0017 003e 0017 003e 0017 003e 0017 0013 0017 0013 0017 0013 0017 0013 0017 0013 0017 003e 0018 003e 0017 0013 0017 0013 0017 003e 0017 0013 0017 0013 0017 003e 0017 0013 0017 0013 0017 003e 0017 003e 0017 0013 0017 003e 0017 003f 0018 0013 0017 0746
browser,0000 006d 0000 0022 00ac 00ab 0015 0041 0015 0041 0015 0041 0015 0016 0015 0016 0015 0016 0015 0016 0015 0016 0015 0041 0015 0041 0015 0041 0015 0016 0015 0016 0015 0016 0015 0016 0015 0016 0015 0041 0015 0041 0015 0041 0015 0016 0015 0041 0015 0041 0015 0016 0015 0016 0015 0016 0015 0016 0015 0016 0015 0041 0015 0016 0015 0016 0015 0041 0015 0041 0015 0689
input scroll,0000 006d 0000 0022 00ab 00ab 0014 0040 0014 0040 0014 0040 0014 0014 0014 0014 0014 0014 0014 0014 0014 0014 0014 0040 0014 0040 0014 0040 0014 0014 0014 0014 0014 0014 0014 0014 0014 0014 0014 0040 0014 0014 0014 0014 0014 0014 0014 0014 0014 0014 0014 0014 0014 0014 0014 0014 0014 0040 0014 0040 0014 0040 0014 0040 0014 0040 0014 0040 0014 0040 0014 0715
bluetooth scan,0000 006d 0000 0022 00ac 00ab 0015 0041 0015 0041 0015 0041 0015 0016 0015 0016 0015 0016 0015 0016 0015 0016 0015 0041 0015 0041 0015 0041 0015 0016 0015 0016 0015 0016 0015 0016 0015 0016 0015 0041 0015 0016 0015 0016 0015 0016 0015 0041 0015 0016 0015 0041 0015 0041 0015 0016 0015 0041 0015 0041 0015 0041 0015 0016 0015 0041 0015 0016 0015 0016 0015 0689
anynet,0000 006d 0000 0022 00aa 00aa 0014 003f 0014 003f 0014 003f 0014 0014 0014 0014 0014 0014 0014 0014 0014 0014 0014 003f 0014 003f 0014 003f 0014 0014 0014 0014 0014 0014 0014 0014 0014 0014 0014 003f 0014 003f 0014 003f 0014 0014 0014 003f 0014 0014 0014 0014 0014 003f 0014 0014 0014 0014 0014 0014 0014 003f 0014 0014 0014 003f 0014 003f 0014 0014 0014 0708

app youtube,0000 006c 0000 0022 00ad 00ad 0016 0041 0016 0041 0016 0041 0016 0016 0016 0016 0016 0016 0016 0016 0016 0016 0016 0041 0016 0041 0016 0041 0016 0016 0016 0016 0016 0016 0016 0016 0016 0016 0016 0016 0016 0041 0016 0016 0016 0041 0016 0041 0016 0041 0016 0041 0016 0041 0016 0041 0016 0016 0016 0041 0016 0016 0016 0016 0016 0016 0016 0016 0016 0016 0016 06fb
app amazon,0000 006c 0000 0022 00ad 00ad 0016 0041 0016 0041 0016 0041 0016 0016 0016 0016 0016 0016 0016 0016 0016 0016 0016 0041 0016 0041 0016 0041 0016 0016 0016 0016 0016 0016 0016 0016 0016 0016 0016 0016 0016 0016 0016 0041 0016 0016 0016 0041 0016 0041 0016 0041 0016 0041 0016 0041 0016 0041 0016 0016 0016 0041 0016 0016 0016 0016 0016 0016 0016 0016 0016 06fb
app netflix,0000 006d 0000 0022 00ac 00ab 0015 0041 0015 0041 0015 0041 0015 0016 0015 0016 0015 0016 0015 0016 0015 0016 0015 0041 0015 0041 0015 0041 0015 0016 0015 0016 0015 0016 0015 0016 0015 0016 0015 0041 0015 0041 0015 0016 0015 0016 0015 0041 0015 0041 0015 0041 0015 0041 0015 0016 0015 0016 0015 0041 0015 0041 0015 0016 0015 0016 0015 0016 0015 0016 0015 0689

info,0000 006d 0000 0022 00aa 00aa 0014 003f 0014 003f 0014 003f 0014 0014 0014 0014 0014 0014 0014 0014 0014 0014 0014 003f 0014 003f 0014 003f 0014 0014 0014 0014 0014 0014 0014 0014 0014 0014 0014 003f 0014 003f 0014 003f 0014 003f 0014 003f 0014 0014 0014 0014 0014 0014 0014 0014 0014 0014 0014 0014 0014 0014 0014 0014 0014 003f 0014 003f 0014 003f 0014 070a
favorite,0000 006d 0000 0022 00ac 00ac 0013 0040 0013 0040 0013 0040 0013 0018 0013 0013 0013 0013 0013 0013 0013 0018 0013 0040 0013 0040 0013 0040 0013 0018 0013 0013 0013 0013 0013 0013 0013 0018 0013 0013 0013 0013 0013 0040 0013 0018 0013 0013 0013 0013 0013 0040 0013 0018 0013 0040 0013 0040 0013 0013 0013 0040 0013 0040 0013 0040 0013 0013 0013 0040 0013 0701
extra,0000 006c 0000 0022 00ad 00ad 0016 0041 0016 0041 0016 0041 0016 0016 0016 0016 0016 0016 0016 0016 0016 0016 0016 0041 0016 0041 0016 0041 0016 0016 0016 0016 0016 0016 0016 0016 0016 0016 0016 0041 0016 0041 0016 0041 0016 0041 0016 0016 0016 0041 0016 0016 0016 0041 0016 0016 0016 0016 0016 0016 0016 0016 0016 0041 0016 0016 0016 0041 0016 0016 0016 06fb
closed captioning,0000 006d 0000 0022 00ac 00ac 0016 0040 0016 0040 0016 0040 0016 0015 0016 0015 0016 0015 0016 0015 0016 0015 0016 0040 0016 0040 0016 0040 0016 0015 0016 0015 0016 0015 0016 0015 0016 0015 0016 0040 0016 0015 0016 0040 0016 0015 0016 0015 0016 0040 0016 0015 0016 0015 0016 0015 0016 0040 0016 0015 0016 0040 0016 0040 0016 0015 0016 0040 0016 0040 0016 071c
accessibility,0000 006c 0000 0022 00ad 00ad 0016 0041 0016 0041 0016 0041 0016 0016 0016 0016 0016 0016 0016 0016 0016 0016 0016 0041 0016 0041 0016 0041 0016 0016 0016 0016 0016 0016 0016 0016 0016 0016 0016 0041 0016 0016 0016 0016 0016 0041 0016 0041 0016 0016 0016 0041 0016 0016 0016 0016 0016 0041 0016 0041 0016 0016 0016 0016 0016 0041 0016 0016 0016 0041 0016 06fb
keypad option,0000 006c 0000 0022 00ad 00ad 0016 0041 0016 0041 0016 0041 0016 0016 0016 0016 0016 0016 0016 0016 0016 0016 0016 0041 0016 0041 0016 0041 0016 0016 0016 0016 0016 0016 0016 0016 0016 0016 0016 0041 0016 0041 0016 0016 0016 0016 0016 0041 0016 0016 0016 0041 0016 0041 0016 0016 0016 0016 0016 0041 0016 0041 0016 0016 0016 0041 0016 0016 0016 0016 0016 06fb
status,0000 006d 0000 0022 00ab 00ab 0014 0040 0014 0040 0014 0040 0014 0014 0014 0014 0014 0014 0014 0014 0014 0014 0014 0040 0014 0040 0014 0040 0014 0014 0014 0014 0014 0014 0014 0014 0014 0014 0014 0040 0014 0014 0014 0040 0014 0014 0014 0040 0014 0014 0014 0040 0014 0040 0014 0014 0014 0040 0014 0014 0014 0040 0014 0014 0014 0040 0014 0014 0014 0014 0014 06f1
search,0000 006d 0000 0022 00ab 00ab 0014 0040 0014 0040 0014 0040 0014 0014 0014 0014 0014 0014 0014 0014 0014 0014 0014 0040 0014 0040 0014 0040 0014 0014 0014 0014 0014 0014 0014 0014 0014 0014 0014 0040 0014 0040 0014 0014 0014 0014 0014 0040 0014 0040 0014 0040 0014 0014 0014 0014 0014 0014 0014 0040 0014 0040 0014 0014 0014 0014 0014 0014 0014 0040 0014 06f1
sound,0000 006d 0000 0022 00ac 00ac 0016 0040 0016 0040 0016 0040 0016 0015 0016 0015 0016 0015 0016 0015 0016 0015 0016 0040 0016 0040 0016 0040 0016 0015 0016 0015 0016 0015 0016 0015 0016 0015 0016 0040 0016 0040 0016 0015 0016 0040 0016 0015 0016 0040 0016 0015 0016 0015 0016 0015 0016 0015 0016 0040 0016 0015 0016 0040 0016 0015 0016 0040 0016 0040 0016 071c
add delete,0000 006d 0000 0022 00aa 00aa 0016 0040 0016 0040 0016 0040 0015 0016 0015 0016 0015 0016 0015 0016 0015 0016 0015 0041 0015 0041 0015 0041 0015 0016 0015 0016 0015 0016 0015 0016 0015 0016 0015 0041 0015 0016 0016 0016 0015 0041 0015 0041 0015 0016 0015 0016 0015 0016 0016 0016 0015 0041 0015 0041 0015 0016 0015 0016 0015 0041 0015 0041 0015 0041 0015 06e9

support,0000 006d 0000 0022 00ab 00ab 0014 0040 0014 0040 0014 0040 0014 0014 0014 0014 0014 0014 0014 0014 0014 0014 0014 0040 0014 0040 0014 0040 0014 0014 0014 0014 0014 0014 0014 0014 0014 0014 0014 0040 0014 0040 0014 0040 0014 0040 0014 0040 0014 0040 0014 0014 0014 0014 0014 0014 0014 0014 0014 0014 0014 0014 0014 0014 0014 0014 0014 0040 0014 0040 0014 06f1
e manual,0000 006d 0000 0022 00ab 00ab 0015 0041 0015 0041 0015 0041 0015 0015 0015 0015 0015 0015 0015 0015 0015 0015 0015 0041 0015 0041 0015 0041 0015 0015 0015 0015 0015 0015 0015 0015 0015 0015 0015 0041 0015 0041 0015 0041 0015 0041 0015 0041 0015 0041 0015 0015 0015 0015 0015 0015 0015 0015 0015 0015 0015 0015 0015 0015 0015 0015 0015 0041 0015 0041 0015 0700

sleep,0000 006d 0000 0022 00aa 00aa 0014 003f 0014 003f 0014 003f 0014 0014 0014 0014 0014 0014 0014 0014 0014 0014 0014 003f 0014 003f 0014 003f 0014 0014 0014 0014 0014 0014 0014 0014 0014 0014 0014 003f 0014 003f 0014 0014 0014 0014 0014 0014 0014 0014 0014 0014 0014 0014 0014 0014 0014 0014 0014 003f 0014 003f 0014 003f 0014 003f 0014 003f 0014 003f 0014 070a
energy saving,0000 006d 0000 0022 00a9 00aa 0015 0040 0015 0040 0015 0040 0015 0015 0016 0015 0015 0015 0015 0016 0015 0016 0015 0040 0015 003f 0016 003f 0016 0015 0015 0015 0015 0015 0015 0016 0015 0015 0015 0040 0015 0040 0015 0040 0015 0015 0015 0040 0015 0040 0015 0040 0015 0015 0015 0015 0016 0015 0015 0015 0015 0040 0015 0016 0015 0016 0015 0015 0015 0040 0015 06e1
ambient mode,0000 006c 0000 0022 00ad 00ad 0016 0041 0016 0041 0016 0041 0016 0016 0016 0016 0016 0016 0016 0016 0016 0016 0016 0041 0016 0041 0016 0041 0016 0016 0016 0016 0016 0016 0016 0016 0016 0016 0016 0016 0016 0041 0016 0041 0016 0016 0016 0041 0016 0041 0016 0041 0016 0041 0016 0041 0016 0016 0016 0016 0016 0041 0016 0016 0016 0016 0016 0016 0016 0016 0016 06fb
blank,0000 006e 0000 0022 00ab 00ab 0014 0040 0014 0040 0014 0040 0014 0014 0014 0014 0014 0014 0014 0014 0014 0014 0014 0040 0014 0040 0014 0040 0014 0014 0014 0014 0014 0014 0014 0014 0014 0014 0014 0014 0014 0014 0014 0040 0014 0014 0014 0014 0014 0040 0014 0014 0014 0014 0014 0040 0014 0040 0014 0014 0014 0040 0014 0040 0014 0014 0014 0040 0014 0040 0014 06f0
display,0000 006d 0000 0022 00ac 00ac 0015 0040 0015 0040 0015 0040 0015 0015 0015 0015 0015 0015 0015 0015 0015 0015 0015 0040 0015 0040 0015 0040 0015 0015 0015 0015 0015 0015 0015 0015 0015 0015 0015 0040 0015 0040 0015 0040 0015 0040 0015 0040 0015 0015 0015 0015 0015 0015 0015 0015 0015 0015 0015 0015 0015 0015 0015 0015 0015 0040 0015 0040 0015 0040 0015 0689
3d,0000 006d 0000 0022 00ab 00ab 0015 0041 0015 0041 0015 0041 0015 0015 0015 0015 0015 0015 0015 0015 0015 0015 0015 0041 0015 0041 0015 0041 0015 0015 0015 0015 0015 0015 0015 0015 0015 0015 0015 0041 0015 0041 0015 0041 0015 0041 0015 0041 0015 0015 0015 0015 0015 0041 0015 0015 0015 0015 0015 0015 0015 0015 0015 0015 0015 0041 0015 0041 0015 0015 0015 0700

pip,0000 006d 0000 0022 00ac 00ac 0016 0040 0016 0040 0016 0040 0016 0015 0016 0015 0016 0015 0016 0015 0016 0015 0016 0040 0016 0040 0016 0040 0016 0015 0016 0015 0016 0015 0016 0015 0016 0015 0016 0015 0016 0015 0016 0015 0016 0015 0016 0015 0016 0040 0016 0015 0016 0015 0016 0040 0016 0040 0016 0040 0016 0040 0016 0040 0016 0015 0016 0040 0016 0040 0016 071c
pip input,0000 006d 0000 0022 00ac 00ac 0016 0040 0016 0040 0016 0040 0016 0015 0016 0015 0016 0015 0016 0015 0016 0015 0016 0040 0016 0040 0016 0040 0016 0015 0016 0015 0016 0015 0016 0015 0016 0015 0016 0015 0016 0015 0016 0040 0016 0015 0016 0015 0016 0040 0016 0015 0016 0015 0016 0040 0016 0040 0016 0015 0016 0040 0016 0040 0016 0015 0016 0040 0016 0040 0016 071c

cursor up,0000 006d 0000 0022 00ac 00ac 0016 0040 0016 0040 0016 0040 0016 0015 0016 0015 0016 0015 0016 0015 0016 0015 0016 0040 0016 0040 0016 0040 0016 0015 0016 0015 0016 0015 0016 0015 0016 0015 0016 0015 0016 0015 0016 0015 0016 0015 0016 0015 0016 0040 0016 0040 0016 0015 0016 0040 0016 0040 0016 0040 0016 0040 0016 0040 0016 0015 0016 0015 0016 0040 0016 071c
cursor down,0000 006d 0000 0022 00ac 00ac 0016 0040 0016 0040 0016 0040 0016 0015 0016 0015 0016 0015 0016 0015 0016 0015 0016 0040 0016 0040 0016 0040 0016 0015 0016 0015 0016 0015 0016 0015 0016 0015 0016 0040 0016 0015 0016 0015 0016 0015 0016 0015 0016 0040 0016 0040 0016 0015 0016 0015 0016 0040 0016 0040 0016 0040 0016 0040 0016 0015 0016 0015 0016 0040 0016 071c
cursor right,0000 006d 0000 0022 00ac 00ac 0016 0040 0016 0040 0016 0040 0016 0015 0016 0015 0016 0015 0016 0015 0016 0015 0016 0040 0016 0040 0016 0040 0016 0015 0016 0015 0016 0015 0016 0015 0016 0015 0016 0015 0016 0040 0016 0015 0016 0015 0016 0015 0016 0040 0016 0040 0016 0015 0016 0040 0016 0015 0016 0040 0016 0040 0016 0040 0016 0015 0016 0015 0016 0040 0016 071c
cursor left,0000 006d 0000 0022 00ac 00ac 0016 0040 0016 0040 0016 0040 0016 0015 0016 0015 0016 0015 0016 0015 0016 0015 0016 0040 0016 0040 0016 0040 0016 0015 0016 0015 0016 0015 0016 0015 0016 0015 0016 0040 0016 0015 0016 0040 0016 0015 0016 0015 0016 0040 0016 0040 0016 0015 0016 0015 0016 0040 0016 0015 0016 0040 0016 0040 0016 0015 0016 0015 0016 0040 0016 071c
cursor enter,0000 006d 0000 0022 00ac 00ac 0017 003e 0017 003e 0017 003e 0017 0013 0017 0013 0017 0013 0017 0013 0017 0013 0017 003e 0017 003e 0017 003e 0017 0013 0017 0013 0017 0013 0017 0013 0017 0013 0017 0013 0017 0013 0017 0013 0017 003e 0017 0013 0017 003e 0017 003e 0017 0013 0017 003e 0017 003e 0017 003e 0017 0013 0017 003e 0017 0013 0017 0013 0017 003e 0017 0746

digit 0,0000 006d 0000 0022 00ac 00ac 0016 0040 0016 0040 0016 0040 0016 0015 0016 0015 0016 0015 0016 0015 0016 0015 0016 0040 0016 0040 0016 0040 0016 0015 0016 0015 0016 0015 0016 0015 0016 0015 0016 0040 0016 0015 0016 0015 0016 0015 0016 0040 0016 0015 0016 0015 0016 0015 0016 0015 0016 0040 0016 0040 0016 0040 0016 0015 0016 0040 0016 0040 0016 0040 0016 071c
digit 1,0000 006d 0000 0022 00ac 00ac 0016 0040 0016 0040 0016 0040 0016 0015 0016 0015 0016 0015 0016 0015 0016 0015 0016 0040 0016 0040 0016 0040 0016 0015 0016 0015 0016 0015 0016 0015 0016 0015 0016 0015 0016 0015 0016 0040 0016 0015 0016 0015 0016 0015 0016 0015 0016 0015 0016 0040 0016 0040 0016 0015 0016 0040 0016 0040 0016 0040 0016 0040 0016 0040 0016 071c
digit 2,0000 006d 0000 0022 00ac 00ac 0016 0040 0016 0040 0016 0040 0016 0015 0016 0015 0016 0015 0016 0015 0016 0015 0016 0040 0016 0040 0016 0040 0016 0015 0016 0015 0016 0015 0016 0015 0016 0015 0016 0040 0016 0015 0016 0040 0016 0015 0016 0015 0016 0015 0016 0015 0016 0015 0016 0015 0016 0040 0016 0015 0016 0040 0016 0040 0016 0040 0016 0040 0016 0040 0016 071c
digit 3,0000 006d 0000 0022 00ac 00ac 0016 0040 0016 0040 0016 0040 0016 0015 0016 0015 0016 0015 0016 0015 0016 0015 0016 0040 0016 0040 0016 0040 0016 0015 0016 0015 0016 0015 0016 0015 0016 0015 0016 0015 0016 0040 0016 0040 0016 0015 0016 0015 0016 0015 0016 0015 0016 0015 0016 0040 0016 0015 0016 0015 0016 0040 0016 0040 0016 0040 0016 0040 0016 0040 0016 071c
digit 4,0000 006d 0000 0022 00ac 00ac 0016 0040 0016 0040 0016 0040 0016 0015 0016 0015 0016 0015 0016 0015 0016 0015 0016 0040 0016 0040 0016 0040 0016 0015 0016 0015 0016 0015 0016 0015 0016 0015 0016 0015 0016 0015 0016 0015 0016 0040 0016 0015 0016 0015 0016 0015 0016 0015 0016 0040 0016 0040 0016 0040 0016 0015 0016 0040 0016 0040 0016 0040 0016 0040 0016 071c
digit 5,0000 006d 0000 0022 00ac 00ac 0016 0040 0016 0040 0016 0040 0016 0015 0016 0015 0016 0015 0016 0015 0016 0015 0016 0040 0016 0040 0016 0040 0016 0015 0016 0015 0016 0015 0016 0015 0016 0015 0016 0040 0016 0015 0016 0015 0016 0040 0016 0015 0016 0015 0016 0015 0016 0015 0016 0015 0016 0040 0016 0040 0016 0015 0016 0040 0016 0040 0016 0040 0016 0040 0016 071c
digit 6,0000 006d 0000 0022 00ac 00ac 0016 0040 0016 0040 0016 0040 0016 0015 0016 0015 0016 0015 0016 0015 0016 0015 0016 0040 0016 0040 0016 0040 0016 0015 0016 0015 0016 0015 0016 0015 0016 0015 0016 0015 0016 0040 0016 0015 0016 0040 0016 0015 0016 0015 0016 0015 0016 0015 0016 0040 0016 0015 0016 0040 0016 0015 0016 0040 0016 0040 0016 0040 0016 0040 0016 071c
digit 7,0000 006d 0000 0022 00ac 00ac 0016 0040 0016 0040 0016 0040 0016 0015 0016 0015 0016 0015 0016 0015 0016 0015 0016 0040 0016 0040 0016 0040 0016 0015 0016 0015 0016 0015 0016 0015 0016 0015 0016 0015 0016 0015 0016 0040 0016 0040 0016 0015 0016 0015 0016 0015 0016 0015 0016 0040 0016 0040 0016 0015 0016 0015 0016 0040 0016 0040 0016 0040 0016 0040 0016 071c
digit 8,0000 006d 0000 0022 00ac 00ac 0016 0040 0016 0040 0016 0040 0016 0015 0016 0015 0016 0015 0016 0015 0016 0015 0016 0040 0016 0040 0016 0040 0016 0015 0016 0015 0016 0015 0016 0015 0016 0015 0016 0040 0016 0015 0016 0040 0016 0040 0016 0015 0016 0015 0016 0015 0016 0015 0016 0015 0016 0040 0016 0015 0016 0015 0016 0040 0016 0040 0016 0040 0016 0040 0016 071c
digit 9,0000 006d 0000 0022 00ac 00ac 0016 0040 0016 0040 0016 0040 0016 0015 0016 0015 0016 0015 0016 0015 0016 0015 0016 0040 0016 0040 0016 0040 0016 0015 0016 0015 0016 0015 0016 0015 0016 0015 0016 0015 0016 0040 0016 0040 0016 0040 0016 0015 0016 0015 0016 0015 0016 0015 0016 0040 0016 0015 0016 0015 0016 0015 0016 0040 0016 0040 0016 0040 0016 0040 0016 071c
digit 100,0000 006d 0000 0022 00ac 00ac 0016 0040 0016 0040 0016 0040 0016 0015 0016 0015 0016 0015 0016 0015 0016 0015 0016 0040 0016 0040 0016 0040 0016 0015 0016 0015 0016 0015 0016 0015 0016 0015 0016 0040 0016 0040 0016 0015 0016 0015 0016 0015 0016 0040 0016 0015 0016 0015 0016 0015 0016 0015 0016 0040 0016 0040 0016 0040 0016 0015 0016 0040 0016 0040 0016 071c
digit separator,0000 006d 0000 0022 00aa 00aa 0014 003f 0014 003f 0014 003f 0014 0014 0014 0014 0014 0014 0014 0014 0014 0014 0014 003f 0014 003f 0014 003f 0014 0014 0014 0014 0014 0014 0014 0014 0014 0014 0014 003f 0014 003f 0014 0014 0014 0014 0014 0014 0014 003f 0014 0014 0014 0014 0014 0014 0014 0014 0014 003f 0014 003f 0014 003f 0014 0014 0014 003f 0014 003f 0014 0706

input tv plus,0000 006c 0000 0022 00ad 00ad 0016 0041 0016 0041 0016 0041 0016 0016 0016 0016 0016 0016 0016 0016 0016 0016 0016 0041 0016 0041 0016 0041 0016 0016 0016 0016 0016 0016 0016 0016 0016 0016 0016 0016 0016 0016 0016 0041 0016 0016 0016 0041 0016 0041 0016 0016 0016 0041 0016 0041 0016 0041 0016 0016 0016 0041 0016 0016 0016 0016 0016 0041 0016 0016 0016 06fb
input antenna,0000 006d 0000 0022 00ac 00ac 0015 0040 0015 0040 0015 0040 0015 0015 0015 0015 0015 0015 0015 0015 0015 0015 0015 0040 0015 0040 0015 0040 0015 0015 0015 0015 0015 0015 0015 0015 0015 0015 0015 0040 0015 0040 0015 0015 0015 0040 0015 0040 0015 0015 0015 0015 0015 0015 0015 0015 0015 0015 0015 0040 0015 0015 0015 0015 0015 0040 0015 0040 0015 0040 0015 0689
input antenna 1,0000 006d 0000 0022 00ac 00ac 0015 0040 0015 0040 0015 0040 0015 0015 0015 0015 0015 0015 0015 0015 0015 0015 0015 0040 0015 0040 0015 0040 0015 0015 0015 0015 0015 0015 0015 0015 0015 0015 0015 0040 0015 0040 0015 0015 0015 0040 0015 0040 0015 0015 0015 0015 0015 0015 0015 0015 0015 0015 0015 0040 0015 0015 0015 0015 0015 0040 0015 0040 0015 0040 0015 0680
input dtv,0000 006c 0000 0022 00ad 00ad 0016 0041 0016 0041 0016 0041 0016 0016 0016 0016 0016 0016 0016 0016 0016 0016 0016 0041 0016 0041 0016 0041 0016 0016 0016 0016 0016 0016 0016 0016 0016 0016 0016 0041 0016 0041 0016 0016 0016 0016 0016 0016 0016 0016 0016 0041 0016 0016 0016 0016 0016 0016 0016 0041 0016 0041 0016 0041 0016 0041 0016 0016 0016 0041 0016 06fb

input game,0000 006c 0000 0022 00ad 00ad 0016 0041 0016 0041 0016 0041 0016 0016 0016 0016 0016 0016 0016 0016 0016 0016 0016 0041 0016 0041 0016 0041 0016 0016 0016 0016 0016 0016 0016 0016 0016 0016 0016 0016 0016 0016 0016 0016 0016 0016 0016 0016 0016 0016 0016 0041 0016 0016 0016 0041 0016 0041 0016 0041 0016 0041 0016 0041 0016 0041 0016 0016 0016 0041 0016 06fb
input bluetooth,0000 006c 0000 0022 015b 00ad 0016 0041 0016 0041 0016 0041 0016 0016 0016 0016 0016 0016 0016 0016 0016 0016 0016 0041 0016 0041 0016 0041 0016 0016 0016 0016 0016 0016 0016 0016 0016 0016 0016 0041 0016 0016 0016 0016 0016 0016 0016 0041 0016 0016 0016 0041 0016 0041 0016 0016 0016 0041 0016 0041 0016 0041 0016 0016 0016 0041 0016 0016 0016 0016 0016 064d
input anynet,0000 006d 0000 0022 00ac 00ac 0015 0040 0015 0040 0015 0040 0015 0015 0015 0015 0015 0015 0015 0015 0015 0015 0015 0040 0015 0040 0015 0040 0015 0015 0015 0015 0015 0015 0015 0015 0015 0015 0015 0040 0015 0040 0015 0040 0015 0015 0015 0040 0015 0015 0015 0015 0015 0040 0015 0015 0015 0015 0015 0015 0015 0040 0015 0015 0015 0040 0015 0040 0015 0015 0015 0689

input hdmi 1,0000 006d 0022 0000 00ad 00ad 0015 0041 0015 0041 0015 0041 0015 0015 0015 0015 0015 0015 0015 0015 0015 0015 0015 0041 0015 0041 0015 0041 0015 0015 0015 0015 0015 0015 0015 0015 0015 0015 0015 0041 0015 0015 0015 0015 0015 0041 0015 0015 0015 0041 0015 0041 0015 0041 0015 0015 0015 0041 0015 0041 0015 0015 0015 0041 0015 0015 0015 0015 0015 0015 0015 0728
input hdmi 2,0000 006d 0022 0000 00ad 00ad 0015 0041 0015 0041 0015 0041 0015 0015 0015 0015 0015 0015 0015 0015 0015 0015 0015 0041 0015 0041 0015 0041 0015 0015 0015 0015 0015 0015 0015 0015 0015 0015 0015 0015 0015 0041 0015 0041 0015 0041 0015 0041 0015 0041 0015 0015 0015 0041 0015 0041 0015 0015 0015 0015 0015 0015 0015 0015 0015 0015 0015 0041 0015 0015 0015 0728
input hdmi 3,0000 006d 0022 0000 00ad 00ad 0015 0041 0015 0041 0015 0041 0015 0015 0015 0015 0015 0015 0015 0015 0015 0015 0015 0041 0015 0041 0015 0041 0015 0015 0015 0015 0015 0015 0015 0015 0015 0015 0015 0015 0015 0041 0015 0015 0015 0015 0015 0015 0015 0015 0015 0041 0015 0041 0015 0041 0015 0015 0015 0041 0015 0041 0015 0041 0015 0041 0015 0015 0015 0015 0015 0728
input hdmi 4,0000 006d 0000 0022 00ac 00ab 0015 0041 0015 0041 0015 0041 0015 0016 0015 0016 0015 0016 0015 0016 0015 0016 0015 0041 0015 0041 0015 0041 0015 0016 0015 0016 0015 0016 0015 0016 0015 0016 0015 0041 0015 0016 0015 0041 0015 0016 0015 0016 0015 0016 0015 0041 0015 0041 0015 0016 0015 0041 0015 0016 0015 0041 0015 0041 0015 0041 0015 0016 0015 0016 0015 0689
input hdmi antenna toggle,0000 006d 0022 0000 00ad 00ad 0015 0041 0015 0041 0015 0041 0015 0015 0015 0015 0015 0015 0015 0015 0015 0015 0015 0041 0015 0041 0015 0041 0015 0015 0015 0015 0015 0015 0015 0015 0015 0015 0015 0041 0015 0041 0015 0015 0015 0041 0015 0015 0015 0015 0015 0015 0015 0041 0015 0015 0015 0015 0015 0041 0015 0015 0015 0041 0015 0041 0015 0041 0015 0015 0015 0728

input av 1,0000 006d 0022 0000 00ad 00ad 0015 0041 0015 0041 0015 0041 0015 0015 0015 0015 0015 0015 0015 0015 0015 0015 0015 0041 0015 0041 0015 0041 0015 0015 0015 0015 0015 0015 0015 0015 0015 0015 0015 0015 0015 0015 0015 0041 0015 0015 0015 0015 0015 0015 0015 0015 0015 0041 0015 0041 0015 0041 0015 0015 0015 0041 0015 0041 0015 0041 0015 0041 0015 0015 0015 0728
input av 2,0000 006d 0022 0000 00ad 00ad 0015 0041 0015 0041 0015 0041 0015 0015 0015 0015 0015 0015 0015 0015 0015 0015 0015 0041 0015 0041 0015 0041 0015 0015 0015 0015 0015 0015 0015 0015 0015 0015 0015 0041 0015 0041 0015 0015 0015 0041 0015 0015 0015 0041 0015 0041 0015 0041 0015 0015 0015 0015 0015 0041 0015 0015 0015 0041 0015 0015 0015 0015 0015 0015 0015 0728
input av 3,0000 006c 0000 0022 00ad 00ad 0016 0041 0016 0041 0016 0041 0016 0016 0016 0016 0016 0016 0016 0016 0016 0016 0016 0041 0016 0041 0016 0041 0016 0016 0016 0016 0016 0016 0016 0016 0016 0016 0016 0016 0016 0016 0016 0041 0016 0041 0016 0016 0016 0041 0016 0041 0016 0041 0016 0041 0016 0041 0016 0016 0016 0016 0016 0041 0016 0016 0016 0016 0016 0016 0016 06fb

input component 1,0000 006d 0022 0000 00ad 00ad 0015 0041 0015 0041 0015 0041 0015 0015 0015 0015 0015 0015 0015 0015 0015 0015 0015 0041 0015 0041 0015 0041 0015 0015 0015 0015 0015 0015 0015 0015 0015 0015 0015 0015 0015 0041 0015 0041 0015 0015 0015 0015 0015 0015 0015 0015 0015 0041 0015 0041 0015 0015 0015 0015 0015 0041 0015 0041 0015 0041 0015 0041 0015 0015 0015 0728
input component 2,0000 006d 0022 0000 00ad 00ad 0015 0041 0015 0041 0015 0041 0015 0015 0015 0015 0015 0015 0015 0015 0015 0015 0015 0041 0015 0041 0015 0041 0015 0015 0015 0015 0015 0015 0015 0015 0015 0015 0015 0015 0015 0015 0015 0015 0015 0041 0015 0015 0015 0015 0015 0015 0015 0041 0015 0041 0015 0041 0015 0041 0015 0015 0015 0041 0015 0041 0015 0041 0015 0015 0015 0728
input component 3,0000 006d 0000 0022 0157 00ac 0015 0040 0015 0040 0015 0040 0015 0015 0015 0015 0015 0015 0015 0015 0015 0015 0015 0040 0015 0040 0015 0040 0015 0015 0015 0015 0015 0015 0015 0015 0015 0015 0015 0040 0015 0040 0015 0015 0015 0015 0015 0015 0015 0015 0015 0040 0015 0040 0015 0015 0015 0015 0015 0040 0015 0040 0015 0040 0015 0040 0015 0015 0015 0015 0015 0689

input s video 1,0000 006d 0022 0000 00ad 00ad 0015 0041 0015 0041 0015 0041 0015 0015 0015 0015 0015 0015 0015 0015 0015 0015 0015 0041 0015 0041 0015 0041 0015 0015 0015 0015 0015 0015 0015 0015 0015 0015 0015 0041 0015 0015 0015 0041 0015 0015 0015 0015 0015 0015 0015 0015 0015 0041 0015 0015 0015 0041 0015 0015 0015 0041 0015 0041 0015 0041 0015 0041 0015 0015 0015 0728
input s video 2,0000 006d 0022 0000 00ad 00ad 0015 0041 0015 0041 0015 0041 0015 0015 0015 0015 0015 0015 0015 0015 0015 0015 0015 0041 0015 0041 0015 0041 0015 0015 0015 0015 0015 0015 0015 0015 0015 0015 0015 0041 0015 0015 0015 0041 0015 0041 0015 0015 0015 0041 0015 0041 0015 0041 0015 0015 0015 0041 0015 0015 0015 0015 0015 0041 0015 0015 0015 0015 0015 0015 0015 0728
input s video 3,0000 006d 0000 0022 0157 00ac 0015 0041 0015 0041 0015 0041 0015 0016 0015 0016 0015 0016 0015 0016 0015 0016 0015 0041 0015 0041 0015 0041 0015 0016 0015 0016 0015 0016 0015 0016 0015 0016 0015 0041 0015 0041 0015 0016 0015 0041 0015 0041 0015 0041 0015 0041 0015 0041 0015 0016 0015 0016 0015 0041 0015 0016 0015 0016 0015 0016 0015 0016 0015 0016 0015 0689

input vga 1,0000 006d 0000 0022 00d1 00d1 0019 004d 0019 004d 0019 004d 0019 0019 0019 0019 0019 0019 0019 0019 0019 0019 0019 004d 0019 004d 0019 004d 0019 0019 0019 0019 0019 0019 0019 0019 0019 0019 0019 004d 0019 0019 0019 0019 0019 004d 0019 0019 0019 004d 0019 004d 0019 0019 0019 0019 0019 004d 0019 004d 0019 0019 0019 004d 0019 0019 0019 0019 0019 004d 0019 08b1
input vga 2,0000 006d 0000 0022 00d1 00d1 0019 004d 0019 004d 0019 004d 0019 0019 0019 0019 0019 0019 0019 0019 0019 0019 0019 004d 0019 004d 0019 004d 0019 0019 0019 0019 0019 0019 0019 0019 0019 0019 0019 0019 0019 0019 0019 0019 0019 004d 0019 004d 0019 0019 0019 004d 0019 004d 0019 004d 0019 004d 0019 004d 0019 0019 0019 0019 0019 004d 0019 0019 0019 0019 0019 08b1

input pc 1,0000 006c 0000 0022 00ad 00ad 0016 0041 0016 0041 0016 0041 0016 0016 0016 0016 0016 0016 0016 0016 0016 0016 0016 0041 0016 0041 0016 0041 0016 0016 0016 0016 0016 0016 0016 0016 0016 0016 0016 0041 0016 0016 0016 0016 0016 0041 0016 0016 0016 0041 0016 0041 0016 0016 0016 0016 0016 0041 0016 0041 0016 0016 0016 0041 0016 0016 0016 0016 0016 0041 0016 06fb
input pc 2,0000 006c 0000 0022 00ad 00ad 0016 0041 0016 0041 0016 0041 0016 0016 0016 0016 0016 0016 0016 0016 0016 0016 0016 0041 0016 0041 0016 0041 0016 0016 0016 0016 0016 0016 0016 0016 0016 0016 0016 0016 0016 0016 0016 0016 0016 0041 0016 0041 0016 0016 0016 0041 0016 0041 0016 0041 0016 0041 0016 0041 0016 0016 0016 0016 0016 0041 0016 0016 0016 0016 0016 06fb
input pc antenna toggle,0000 006d 0022 0000 00ad 00ad 0015 0041 0015 0041 0015 0041 0015 0015 0015 0015 0015 0015 0015 0015 0015 0015 0015 0041 0015 0041 0015 0041 0015 0015 0015 0015 0015 0015 0015 0015 0015 0015 0015 0041 0015 0015 0015 0015 0015 0041 0015 0015 0015 0041 0015 0041 0015 0015 0015 0015 0015 0041 0015 0041 0015 0015 0015 0041 0015 0015 0015 0015 0015 0041 0015 0728

input dvi 1,0000 006d 0000 0022 00ac 00ac 0015 0040 0015 0040 0015 0040 0015 0015 0015 0015 0015 0015 0015 0015 0015 0015 0015 0040 0015 0040 0015 0040 0015 0015 0015 0015 0015 0015 0015 0015 0015 0015 0015 0040 0015 0040 0015 0040 0015 0040 0015 0040 0015 0040 0015 0040 0015 0040 0015 0015 0015 0015 0015 0015 0015 0015 0015 0015 0015 0015 0015 0015 0015 0015 0015 0689
input dvi 2,0000 006d 0000 0022 0157 00ac 0015 0040 0015 0040 0015 0040 0015 0015 0015 0015 0015 0015 0015 0015 0015 0015 0015 0040 0015 0040 0015 0040 0015 0015 0015 0015 0015 0015 0015 0015 0015 0015 0015 0040 0015 0040 0015 0040 0015 0040 0015 0040 0015 0040 0015 0040 0015 0040 0015 0015 0015 0015 0015 0015 0015 0015 0015 0015 0015 0015 0015 0015 0015 0015 0015 0689

input video 1,0000 006d 0000 0022 00ac 00ac 0015 0040 0015 0040 0015 0040 0015 0015 0015 0015 0015 0015 0015 0015 0015 0015 0015 0040 0015 0040 0015 0040 0015 0015 0015 0015 0015 0015 0015 0015 0015 0015 0015 0040 0015 0015 0015 0015 0015 0015 0015 0015 0015 0015 0015 0040 0015 0040 0015 0015 0015 0040 0015 0040 0015 0040 0015 0040 0015 0040 0015 0015 0015 0015 0015 0689
input video 2,0000 006d 0000 0022 00ac 00ac 0015 0040 0015 0040 0015 0040 0015 0015 0015 0015 0015 0015 0015 0015 0015 0015 0015 0040 0015 0040 0015 0040 0015 0015 0015 0015 0015 0015 0015 0015 0015 0015 0015 0015 0015 0015 0015 0015 0015 0040 0015 0040 0015 0040 0015 0040 0015 0040 0015 0040 0015 0040 0015 0040 0015 0015 0015 0015 0015 0015 0015 0015 0015 0015 0015 0689
input video 3,0000 006d 0000 0022 00ac 00ac 0015 0040 0015 0040 0015 0040 0015 0015 0015 0015 0015 0015 0015 0015 0015 0015 0015 0040 0015 0040 0015 0040 0015 0015 0015 0015 0015 0015 0015 0015 0015 0015 0015 0040 0015 0015 0015 0015 0015 0040 0015 0040 0015 0040 0015 0040 0015 0040 0015 0015 0015 0040 0015 0040 0015 0015 0015 0015 0015 0015 0015 0015 0015 0015 0015 0689

input usb,0000 006c 0000 0022 00ad 00ad 0016 0041 0016 0041 0016 0041 0016 0016 0016 0016 0016 0016 0016 0016 0016 0016 0016 0041 0016 0041 0016 0041 0016 0016 0016 0016 0016 0016 0016 0016 0016 0016 0016 0016 0016 0016 0016 0041 0016 0041 0016 0016 0016 0016 0016 0016 0016 0041 0016 0041 0016 0041 0016 0016 0016 0016 0016 0041 0016 0041 0016 0041 0016 0016 0016 06fb
input usb wiselink,0000 006d 0022 0000 00ad 00ad 0015 0041 0015 0041 0015 0041 0015 0015 0015 0015 0015 0015 0015 0015 0015 0015 0015 0041 0015 0041 0015 0041 0015 0015 0015 0015 0015 0015 0015 0015 0015 0015 0015 0015 0015 0015 0015 0041 0015 0041 0015 0015 0015 0015 0015 0015 0015 0041 0015 0041 0015 0041 0015 0015 0015 0015 0015 0041 0015 0041 0015 0041 0015 0015 0015 0728

input ieee 1,0000 006d 0000 0022 0157 00ac 0015 0041 0015 0041 0015 0041 0015 0016 0015 0016 0015 0016 0015 0016 0015 0016 0015 0041 0015 0041 0015 0041 0015 0016 0015 0016 0015 0016 0015 0016 0015 0016 0015 0041 0015 0016 0015 0041 0015 0041 0015 0016 0015 0016 0015 0016 0015 0041 0015 0016 0015 0041 0015 0016 0015 0016 0015 0041 0015 0041 0015 0041 0015 0016 0015 0689
input ieee 2,0000 006d 0000 0022 0157 00ac 0015 0041 0015 0041 0015 0041 0015 0016 0015 0016 0015 0016 0015 0016 0015 0016 0015 0041 0015 0041 0015 0041 0015 0016 0015 0016 0015 0016 0015 0016 0015 0016 0015 0016 0015 0041 0015 0041 0015 0016 0015 0016 0015 0041 0015 0041 0015 0041 0015 0041 0015 0016 0015 0016 0015 0041 0015 0041 0015 0016 0015 0016 0015 0016 0015 0689
input ieee 3,0000 006d 0000 0022 0157 00ac 0015 0041 0015 0041 0015 0041 0015 0016 0015 0016 0015 0016 0015 0016 0015 0016 0015 0041 0015 0041 0015 0041 0015 0016 0015 0016 0015 0016 0015 0016 0015 0016 0015 0041 0015 0041 0015 0041 0015 0016 0015 0016 0015 0041 0015 0041 0015 0041 0015 0016 0015 0016 0015 0016 0015 0041 0015 0041 0015 0016 0015 0016 0015 0016 0015 0689
